CountryName,CountryCode,Year,GDP per capita (constant LCU),GDP per capita growth (annual %),"Life expectancy at birth, total (years)",PM2.5 level
Albania,ALB,2000,233277.29,7.63,75.4,21.9
Albania,ALB,2001,255005.66,9.314,75.64,20.85
Albania,ALB,2002,267374.65,4.85,75.89,23.2
Albania,ALB,2003,283214.49,5.924,76.14,25.52
Albania,ALB,2004,300084.36,5.957,76.38,22.44
Albania,ALB,2005,318293.12,6.068,76.62,22.34
Albania,ALB,2006,339214.28,6.573,76.82,23.19
Albania,ALB,2007,362237.53,6.787,77.55,20.85
Albania,ALB,2008,392405.07,8.328,77.65,20.11
Albania,ALB,2009,408309.79,4.053,77.78,20.58
Albania,ALB,2010,425553.06,4.223,77.94,20.47
Albania,ALB,2011,437560.65,2.822,78.09,22.38
Albania,ALB,2012,444495.43,1.585,78.06,20.56
Albania,ALB,2013,449772.63,1.187,78.12,19.06
Albania,ALB,2014,458702.36,1.985,78.41,19.05
Albania,ALB,2015,470247.11,2.517,78.64,18.75
Albania,ALB,2016,486613.08,3.48,78.86,17.28
Albania,ALB,2017,505581.81,3.898,79.05,18.25
Albania,ALB,2018,527202.06,4.276,79.18,18.71
Albania,ALB,2019,540506.22,2.524,79.28,15.43
Albania,ALB,2020,525668.03,-2.745,76.99,15.43
Andorra,AND,2000,30132.38,2.836,,15.58
Andorra,AND,2001,31751.25,5.373,,14.87
Andorra,AND,2002,31775.61,0.077,,14.8
Andorra,AND,2003,33109.18,4.197,,15.05
Andorra,AND,2004,34394.6,3.882,,13.84
Andorra,AND,2005,34937.36,1.578,,13.96
Andorra,AND,2006,36437.09,4.293,,14.07
Andorra,AND,2007,37974.87,4.22,,13.76
Andorra,AND,2008,36860.17,-2.935,,12.31
Andorra,AND,2009,35946.76,-2.478,,13.32
Andorra,AND,2010,36386.27,1.223,,11.93
Andorra,AND,2011,36874.18,1.341,,13.03
Andorra,AND,2012,34819.82,-5.571,,11.87
Andorra,AND,2013,33417.97,-4.026,,10.92
Andorra,AND,2014,34133.42,2.141,,10.09
Andorra,AND,2015,34562.62,1.257,,10.77
Andorra,AND,2016,35452.44,2.575,,9.79
Andorra,AND,2017,34950.23,-1.417,,9.72
Andorra,AND,2018,34948.88,-0.004,,9.58
Andorra,AND,2019,35032.16,0.238,,8.75
Andorra,AND,2020,30570.79,-12.735,,8.81
Austria,AUT,2000,35008.96,3.127,78.13,19.09
Austria,AUT,2001,35317.13,0.88,78.58,18.02
Austria,AUT,2002,35724.22,1.153,78.68,18.45
Austria,AUT,2003,35885.32,0.451,78.63,18.96
Austria,AUT,2004,36638.81,2.1,79.18,16.61
Austria,AUT,2005,37206.66,1.55,79.33,18.12
Austria,AUT,2006,38301.81,2.943,79.88,18.55
Austria,AUT,2007,39600.9,3.392,80.18,16.04
Austria,AUT,2008,40053.66,1.143,80.43,15.19
Austria,AUT,2009,38444.97,-4.016,80.33,16.47
Austria,AUT,2010,39057.24,1.593,80.58,15.91
Austria,AUT,2011,40063.53,2.576,80.98,16.3
Austria,AUT,2012,40152.65,0.222,80.94,14.65
Austria,AUT,2013,39926.87,-0.562,81.14,14.59
Austria,AUT,2014,39878.01,-0.122,81.49,12.89
Austria,AUT,2015,39833.53,-0.112,81.19,13.53
Austria,AUT,2016,40189.03,0.892,81.64,12.47
Austria,AUT,2017,40812.26,1.551,81.64,12.1
Austria,AUT,2018,41599,1.928,81.69,12.54
Austria,AUT,2019,42015.16,1,81.9,11.42
Austria,AUT,2020,39065.77,-7.02,81.19,10.89
Belarus,BLR,2000,5500.12,6.3,68.91,27.34
Belarus,BLR,2001,5789.64,5.264,68.51,26.54
Belarus,BLR,2002,6120.59,5.716,68.06,29.84
Belarus,BLR,2003,6597.68,7.795,68.55,23.77
Belarus,BLR,2004,7403.43,12.213,68.96,22.51
Belarus,BLR,2005,8154.86,10.15,68.85,21.5
Belarus,BLR,2006,9025.44,10.676,69.4,21.14
Belarus,BLR,2007,9846.71,9.099,70.21,19.52
Belarus,BLR,2008,10888.62,10.581,70.46,18.68
Belarus,BLR,2009,10937.26,0.447,70.41,19.55
Belarus,BLR,2010,11815.96,8.034,70.4,20.72
Belarus,BLR,2011,12480.72,5.626,70.55,18.5
Belarus,BLR,2012,12711.18,1.847,71.97,17.9
Belarus,BLR,2013,12843.66,1.042,72.47,18.79
Belarus,BLR,2014,13058.03,1.669,72.97,19.22
Belarus,BLR,2015,12541.28,-3.957,73.62,17.43
Belarus,BLR,2016,12213.79,-2.611,73.83,15.7
Belarus,BLR,2017,12536.75,2.644,74.13,15.67
Belarus,BLR,2018,12959.3,3.37,74.18,16.88
Belarus,BLR,2019,13173.27,1.651,74.23,15.55
Belarus,BLR,2020,13140.15,-0.251,72.46,14.5
Belgium,BEL,2000,32153.56,3.465,77.72,19.33
Belgium,BEL,2001,32395.51,0.752,77.97,17.86
Belgium,BEL,2002,32801.1,1.252,78.08,17.83
Belgium,BEL,2003,33003.11,0.616,78.13,20.11
Belgium,BEL,2004,34034.11,3.124,78.88,17.79
Belgium,BEL,2005,34633.26,1.76,78.98,17.29
Belgium,BEL,2006,35283.74,1.878,79.38,19.1
Belgium,BEL,2007,36313.44,2.918,79.78,17.1
Belgium,BEL,2008,36188.72,-0.343,79.68,16.31
Belgium,BEL,2009,35173.29,-2.806,80.03,16.57
Belgium,BEL,2010,35851.7,1.929,80.18,16.8
Belgium,BEL,2011,35987.95,0.38,80.59,16.2
Belgium,BEL,2012,36029.84,0.116,80.39,15.05
Belgium,BEL,2013,36025.1,-0.013,80.59,14.22
Belgium,BEL,2014,36431.68,1.129,81.29,12.77
Belgium,BEL,2015,36960.63,1.452,80.99,13.2
Belgium,BEL,2016,37239.78,0.755,81.44,12.26
Belgium,BEL,2017,37697.41,1.229,81.49,12.63
Belgium,BEL,2018,38199.03,1.331,81.6,12.35
Belgium,BEL,2019,38844.5,1.69,82,11.1
Belgium,BEL,2020,36625.81,-5.712,80.7,11.09
Bosnia and Herzegovina,BIH,2000,4504.95,4.75,74.5,37.05
Bosnia and Herzegovina,BIH,2001,4596.98,2.043,75.06,36.46
Bosnia and Herzegovina,BIH,2002,4824.09,4.94,74.61,40.31
Bosnia and Herzegovina,BIH,2003,5028.2,4.231,75.78,43.38
Bosnia and Herzegovina,BIH,2004,5399.02,7.375,76.13,38.37
Bosnia and Herzegovina,BIH,2005,5675.97,5.13,75.42,39.2
Bosnia and Herzegovina,BIH,2006,6036.65,6.355,76.25,40.77
Bosnia and Herzegovina,BIH,2007,6470.28,7.183,76.16,33.39
Bosnia and Herzegovina,BIH,2008,6934.08,7.168,76.84,33.37
Bosnia and Herzegovina,BIH,2009,6839.6,-1.363,76.98,34.86
Bosnia and Herzegovina,BIH,2010,7019.48,2.63,77.07,35.43
Bosnia and Herzegovina,BIH,2011,7215.47,2.792,77.01,39.62
Bosnia and Herzegovina,BIH,2012,7290.1,1.034,77.19,35.66
Bosnia and Herzegovina,BIH,2013,7578.6,3.957,76.33,33.86
Bosnia and Herzegovina,BIH,2014,7765.84,2.471,75.66,32.63
Bosnia and Herzegovina,BIH,2015,8208.37,5.698,76.18,33.92
Bosnia and Herzegovina,BIH,2016,8580.01,4.528,76.81,30.47
Bosnia and Herzegovina,BIH,2017,8963.82,4.473,76.94,31.04
Bosnia and Herzegovina,BIH,2018,9416.13,5.046,77.09,32.56
Bosnia and Herzegovina,BIH,2019,9801.63,4.094,77.24,26.77
Bosnia and Herzegovina,BIH,2020,9627.29,-1.779,76.23,26.65
Bulgaria,BGR,2000,6559.91,5.105,71.66,25.09
Bulgaria,BGR,2001,6947.68,5.911,71.77,24.8
Bulgaria,BGR,2002,7517.06,8.195,71.87,27.36
Bulgaria,BGR,2003,7973.65,6.074,72.07,28.97
Bulgaria,BGR,2004,8557.11,7.317,72.56,25.16
Bulgaria,BGR,2005,9230.17,7.866,72.56,25.7
Bulgaria,BGR,2006,9933.22,7.617,72.61,26.98
Bulgaria,BGR,2007,10672.4,7.441,72.66,22.11
Bulgaria,BGR,2008,11406.36,6.877,72.96,22.74
Bulgaria,BGR,2009,11095.83,-2.722,73.41,22.75
Bulgaria,BGR,2010,11342.83,2.226,73.51,22.99
Bulgaria,BGR,2011,11654.41,2.747,74.16,26.24
Bulgaria,BGR,2012,11809.88,1.334,74.31,23.12
Bulgaria,BGR,2013,11811.7,0.015,74.86,21.52
Bulgaria,BGR,2014,11991.82,1.525,74.47,22.04
Bulgaria,BGR,2015,12478.61,4.059,74.61,20.82
Bulgaria,BGR,2016,12946.79,3.752,74.81,20.02
Bulgaria,BGR,2017,13399.82,3.499,74.81,20.09
Bulgaria,BGR,2018,13860.65,3.439,74.96,19.79
Bulgaria,BGR,2019,14521.82,4.77,75.11,17.61
Bulgaria,BGR,2020,14029.82,-3.388,73.66,17.21
Croatia,HRV,2000,8000.96,3.977,72.81,22.2
Croatia,HRV,2001,8574.3,7.166,74.51,21.96
Croatia,HRV,2002,9068.04,5.758,74.72,25.23
Croatia,HRV,2003,9573.09,5.57,74.61,26.88
Croatia,HRV,2004,9970.45,4.151,75.52,23.09
Croatia,HRV,2005,10386.55,4.173,75.24,24.29
Croatia,HRV,2006,10911.29,5.052,75.84,25.5
Croatia,HRV,2007,11467.55,5.098,75.71,20.23
Croatia,HRV,2008,11700.53,2.032,75.91,20.11
Croatia,HRV,2009,10867.73,-7.118,76.17,20.94
Croatia,HRV,2010,10758.99,-1.001,76.48,21.13
Croatia,HRV,2011,10789.91,0.287,76.78,23.15
Croatia,HRV,2012,10574.2,-1.999,76.92,20.51
Croatia,HRV,2013,10571.16,-0.029,77.13,19.86
Croatia,HRV,2014,10578.04,0.065,77.48,19.46
Croatia,HRV,2015,10937.45,3.398,77.28,19.78
Croatia,HRV,2016,11416.03,4.376,78.02,17.86
Croatia,HRV,2017,11942.69,4.613,77.83,18.4
Croatia,HRV,2018,12409.37,3.908,78.07,19.61
Croatia,HRV,2019,12907.92,4.018,78.42,15.62
Croatia,HRV,2020,11859.37,-8.123,77.72,15.82
Czechia,CZE,2000,302872.05,4.293,74.97,20.37
Czechia,CZE,2001,313263.16,3.431,75.17,21.03
Czechia,CZE,2002,318795.31,1.766,75.22,23.33
Czechia,CZE,2003,330314.47,3.613,75.17,24.2
Czechia,CZE,2004,346111.31,4.782,75.72,20.87
Czechia,CZE,2005,368450.24,6.454,75.92,22.22
Czechia,CZE,2006,392319.2,6.478,76.52,23.17
Czechia,CZE,2007,411762.87,4.956,76.72,18.41
Czechia,CZE,2008,419332.06,1.838,76.98,18.25
Czechia,CZE,2009,397531.06,-5.199,77.08,19.27
Czechia,CZE,2010,406025.83,2.137,77.42,20.81
Czechia,CZE,2011,412320,1.55,77.87,20.92
Czechia,CZE,2012,408511.26,-0.924,78.08,19.2
Czechia,CZE,2013,408188.32,-0.079,78.18,18.85
Czechia,CZE,2014,416982.74,2.155,78.82,18.29
Czechia,CZE,2015,438588.29,5.181,78.58,17.75
Czechia,CZE,2016,448853.68,2.341,79.03,16.93
Czechia,CZE,2017,470801.38,4.89,78.98,16.89
Czechia,CZE,2018,484339.12,2.875,79.03,17.3
Czechia,CZE,2019,497052.81,2.625,79.23,14.2
Czechia,CZE,2020,468559.13,-5.733,78.18,14.07
Denmark,DNK,2000,331295.1,3.401,76.59,15.34
Denmark,DNK,2001,332827.46,0.463,76.79,13.02
Denmark,DNK,2002,333312.99,0.146,76.9,14.19
Denmark,DNK,2003,333704.16,0.117,77.14,15.71
Denmark,DNK,2004,341723.85,2.403,77.49,13
Denmark,DNK,2005,348746.65,2.055,77.84,13.84
Denmark,DNK,2006,361204.1,3.572,78.1,14.73
Denmark,DNK,2007,362875.51,0.463,78.2,13.71
Denmark,DNK,2008,358902.6,-1.095,78.45,11.67
Denmark,DNK,2009,339471.56,-5.414,78.6,11.97
Denmark,DNK,2010,344290.31,1.419,79.1,12.82
Denmark,DNK,2011,347459.14,0.92,79.8,13.07
Denmark,DNK,2012,346938.24,-0.15,80.05,10.6
Denmark,DNK,2013,348719.51,0.513,80.3,10.2
Denmark,DNK,2014,352574.37,1.105,80.7,10.59
Denmark,DNK,2015,358293.71,1.622,80.7,10.03
Denmark,DNK,2016,367048.15,2.443,80.85,9.06
Denmark,DNK,2017,374985.03,2.162,81.1,9.9
Denmark,DNK,2018,380553.88,1.485,80.95,10.14
Denmark,DNK,2019,384856.64,1.131,81.45,9.41
Denmark,DNK,2020,374432.15,-2.709,81.6,8.89
Estonia,EST,2000,8977.04,9.556,70.42,11.5
Estonia,EST,2000,8977.04,9.556,70.42,11.49
Estonia,EST,2001,9576.8,6.681,70.26,10.99
Estonia,EST,2001,9576.8,6.681,70.26,10.99
Estonia,EST,2002,10290.25,7.45,70.9,12.25
Estonia,EST,2002,10290.25,7.45,70.9,12.25
Estonia,EST,2003,11142.05,8.278,71.32,10.4
Estonia,EST,2003,11142.05,8.278,71.32,10.4
Estonia,EST,2004,11971.51,7.444,71.91,9.58
Estonia,EST,2004,11971.51,7.444,71.91,9.58
Estonia,EST,2005,13187.22,10.155,72.57,9.37
Estonia,EST,2005,13187.22,10.155,72.57,9.37
Estonia,EST,2006,14560.63,10.415,72.69,9.27
Estonia,EST,2006,14560.63,10.415,72.69,9.27
Estonia,EST,2007,15735.82,8.071,72.81,8.2
Estonia,EST,2007,15735.82,8.071,72.81,8.2
Estonia,EST,2008,14968.34,-4.877,73.77,8.05
Estonia,EST,2008,14968.34,-4.877,73.77,8.05
Estonia,EST,2009,12803.27,-14.464,74.82,8.12
Estonia,EST,2009,12803.27,-14.464,74.82,8.12
Estonia,EST,2010,13146.16,2.678,75.43,8.91
Estonia,EST,2010,13146.16,2.678,75.43,8.91
Estonia,EST,2011,14143.85,7.589,76.23,8.11
Estonia,EST,2011,14143.85,7.589,76.23,8.11
Estonia,EST,2012,14652.8,3.598,76.33,7.84
Estonia,EST,2012,14652.8,3.598,76.33,7.84
Estonia,EST,2013,14919.51,1.82,77.14,7.94
Estonia,EST,2013,14919.51,1.82,77.14,7.94
Estonia,EST,2014,15409.14,3.282,77.03,8.59
Estonia,EST,2014,15409.14,3.282,77.03,8.59
Estonia,EST,2015,15684.39,1.786,77.59,7.09
Estonia,EST,2015,15684.39,1.786,77.59,7.09
Estonia,EST,2016,16174.62,3.126,77.64,6.8
Estonia,EST,2016,16174.62,3.126,77.64,6.8
Estonia,EST,2017,17090.75,5.664,78.09,6.09
Estonia,EST,2017,17090.75,5.664,78.09,6.09
Estonia,EST,2018,17675.87,3.424,78.24,7.72
Estonia,EST,2018,17675.87,3.424,78.24,7.72
Estonia,EST,2019,18320.67,3.648,78.65,6.81
Estonia,EST,2019,18320.67,3.648,78.65,6.81
Estonia,EST,2020,18107.99,-1.161,78.6,6.13
Estonia,EST,2020,18107.99,-1.161,78.6,6.13
Faroe Islands,FRO,2000,,,78.44,7.23
Faroe Islands,FRO,2001,,,78.64,7.53
Faroe Islands,FRO,2002,,,78.84,7.46
Faroe Islands,FRO,2003,,,78.94,7.73
Faroe Islands,FRO,2004,,,79.09,6.8
Faroe Islands,FRO,2005,,,79.29,6.47
Faroe Islands,FRO,2006,,,79.64,6.86
Faroe Islands,FRO,2007,,,79.99,6.21
Faroe Islands,FRO,2008,284716.28,,80.14,6.18
Faroe Islands,FRO,2009,272363.67,-4.339,80.34,6.05
Faroe Islands,FRO,2010,270898.57,-0.538,80.64,5.86
Faroe Islands,FRO,2011,281083.37,3.76,80.89,5.91
Faroe Islands,FRO,2012,300768.72,7.003,81.19,5.62
Faroe Islands,FRO,2013,318201.91,5.796,81.44,6.2
Faroe Islands,FRO,2014,335163.52,5.33,81.59,6.76
Faroe Islands,FRO,2015,336002.54,0.25,81.79,6.23
Faroe Islands,FRO,2016,336230.3,0.068,82.04,6.34
Faroe Islands,FRO,2017,342988.25,2.01,82.24,7.2
Faroe Islands,FRO,2018,347343.73,1.27,82.5,7.05
Faroe Islands,FRO,2019,357498.89,2.924,82.65,6.8
Faroe Islands,FRO,2020,345700.66,-3.3,82.9,6.52
Finland,FIN,2000,34145.07,5.554,77.47,8.1
Finland,FIN,2001,34956.58,2.377,77.97,7.47
Finland,FIN,2002,35467.27,1.461,78.12,7.49
Finland,FIN,2003,36091.79,1.761,78.37,8.03
Finland,FIN,2004,37423.79,3.691,78.71,7.28
Finland,FIN,2005,38332.7,2.429,78.82,7.6
Finland,FIN,2006,39723.77,3.629,79.21,8.39
Finland,FIN,2007,41651.29,4.852,79.26,7.24
Finland,FIN,2008,41782.86,0.316,79.57,6.89
Finland,FIN,2009,38225.87,-8.513,79.72,6.93
Finland,FIN,2010,39263.69,2.715,79.87,7.03
Finland,FIN,2011,40077.78,2.073,80.47,6.92
Finland,FIN,2012,39330.1,-1.866,80.63,6.26
Finland,FIN,2013,38796.3,-1.357,80.98,5.89
Finland,FIN,2014,38495.2,-0.776,81.18,6.15
Finland,FIN,2015,38577.21,0.213,81.48,5.65
Finland,FIN,2016,39547.96,2.516,81.43,5.3
Finland,FIN,2017,40714.83,2.951,81.63,5.15
Finland,FIN,2018,41124.28,1.006,81.73,5.52
Finland,FIN,2019,41582.1,1.113,81.98,5.4
Finland,FIN,2020,40544.58,-2.495,81.93,4.92
France,FRA,2000,30276.77,3.212,79.06,15.76
France,FRA,2001,30652.97,1.243,79.16,15.15
France,FRA,2002,30775.94,0.401,79.26,14.78
France,FRA,2003,30809.61,0.109,79.11,16.42
France,FRA,2004,31449.41,2.077,80.16,14.24
France,FRA,2005,31733.62,0.904,80.16,14.57
France,FRA,2006,32286.13,1.741,80.81,15.38
France,FRA,2007,32865.74,1.795,81.11,14.62
France,FRA,2008,32766.32,-0.302,81.21,13.41
France,FRA,2009,31661.97,-3.37,81.41,13.77
France,FRA,2010,32120.51,1.448,81.66,13.47
France,FRA,2011,32666.76,1.701,82.11,13.48
France,FRA,2012,32610.84,-0.171,81.97,12.3
France,FRA,2013,32629.81,0.058,82.22,12.2
France,FRA,2014,32787.92,0.485,82.72,10.52
France,FRA,2015,33035.15,0.754,82.32,11.16
France,FRA,2016,33309.03,0.829,82.57,10.37
France,FRA,2017,33973.54,1.995,82.58,10.33
France,FRA,2018,34483.33,1.501,82.68,10.34
France,FRA,2019,34999.16,1.496,82.83,9.72
France,FRA,2020,32272.38,-7.791,82.18,9.49
Germany,DEU,2000,31085.78,2.773,77.93,18.14
Germany,DEU,2001,31555.35,1.511,78.33,17.06
Germany,DEU,2002,31439.98,-0.366,78.23,17.69
Germany,DEU,2003,31202.58,-0.755,78.38,18.37
Germany,DEU,2004,31576.09,1.197,78.68,16.22
Germany,DEU,2005,31825.2,0.789,78.93,16.55
Germany,DEU,2006,33077.08,3.934,79.13,17.35
Germany,DEU,2007,34107.18,3.114,79.53,16.02
Germany,DEU,2008,34500.11,1.152,79.74,15.11
Germany,DEU,2009,32618.27,-5.455,79.84,15.22
Germany,DEU,2010,34033.78,4.34,79.99,16.18
Germany,DEU,2011,36031.44,5.87,80.44,15.71
Germany,DEU,2012,36114.37,0.23,80.54,13.9
Germany,DEU,2013,36173.55,0.164,80.49,13.65
Germany,DEU,2014,36819.01,1.784,81.09,12.28
Germany,DEU,2015,37046.22,0.617,80.64,12.82
Germany,DEU,2016,37567.87,1.408,80.99,11.78
Germany,DEU,2017,38430.88,2.297,80.99,11.9
Germany,DEU,2018,38691.52,0.678,80.89,11.66
Germany,DEU,2019,39019.54,0.848,81.29,10.65
Germany,DEU,2020,37495.71,-3.905,81.04,10.3
Greece,GRC,2000,16802.62,3.496,77.89,23.95
Greece,GRC,2001,17406.11,3.592,78.39,22.29
Greece,GRC,2002,18022.74,3.543,78.64,23.07
Greece,GRC,2003,19021.63,5.542,78.84,24.3
Greece,GRC,2004,19934.93,4.801,79.04,21.35
Greece,GRC,2005,19995.64,0.305,79.24,22.11
Greece,GRC,2006,21062.53,5.336,79.44,22.81
Greece,GRC,2007,21696.72,3.011,79.44,22.06
Greece,GRC,2008,21566.67,-0.599,79.94,21.31
Greece,GRC,2009,20584.93,-4.552,80.19,20.51
Greece,GRC,2010,19432.27,-5.6,80.39,19.96
Greece,GRC,2011,17485.88,-10.016,80.73,21
Greece,GRC,2012,16334.8,-6.583,80.63,18.49
Greece,GRC,2013,16039.7,-1.807,81.29,17.67
Greece,GRC,2014,16223.71,1.147,81.39,16.58
Greece,GRC,2015,16298.93,0.464,81.04,16.99
Greece,GRC,2016,16287.13,-0.072,74.16474,15.53
Greece,GRC,2017,16497.61,1.292,81.29,15.43
Greece,GRC,2018,16806.92,1.875,81.79,15.35
Greece,GRC,2019,17140.85,1.987,81.64,14.72
Greece,GRC,2020,15577.33,-9.122,81.29,14.18
Hungary,HUN,2000,2504969.02,4.751,71.25,20.62
Hungary,HUN,2001,2613010.49,4.313,72.25,20.44
Hungary,HUN,2002,2744705.28,5.04,72.35,23.21
Hungary,HUN,2003,2864725.21,4.373,72.3,24.47
Hungary,HUN,2004,3014762.33,5.237,72.65,20.97
Hungary,HUN,2005,3150484.01,4.502,72.65,21.87
Hungary,HUN,2006,3279907.6,4.108,73.1,23.25
Hungary,HUN,2007,3294104.29,0.433,73.15,18.46
Hungary,HUN,2008,3333006.12,1.181,73.7,18.25
Hungary,HUN,2009,3117925,-6.453,73.9,19.07
Hungary,HUN,2010,3158612.64,1.305,74.21,20.34
Hungary,HUN,2011,3226709.08,2.156,74.86,21.17
Hungary,HUN,2012,3202866.09,-0.739,75.06,18.82
Hungary,HUN,2013,3269589.5,2.083,75.57,17.75
Hungary,HUN,2014,3417158.1,4.513,75.76,17.83
Hungary,HUN,2015,3552282.18,3.954,75.57,17.86
Hungary,HUN,2016,3641197.7,2.503,76.06,16.13
Hungary,HUN,2017,3806856.3,4.55,75.82,16.9
Hungary,HUN,2018,4016081.83,5.496,76.07,17.37
Hungary,HUN,2019,4213339.47,4.912,76.32,14.54
Hungary,HUN,2020,4032949.24,-4.281,75.57,14.03
Iceland,ISL,2000,5563627.34,3.557,79.65,8.04
Iceland,ISL,2001,5710507.12,2.64,80.69,7.64
Iceland,ISL,2002,5691429.6,-0.334,80.5,8.13
Iceland,ISL,2003,5773260.76,1.438,80.96,8.58
Iceland,ISL,2004,6169312.54,6.86,81,8
Iceland,ISL,2005,6444329.94,4.458,81.5,7.72
Iceland,ISL,2006,6692459.11,3.85,81.16,7.89
Iceland,ISL,2007,7076959.71,5.745,81.45,7.54
Iceland,ISL,2008,7100058.92,0.326,81.61,7.41
Iceland,ISL,2009,6533590.49,-7.978,81.75,7.36
Iceland,ISL,2010,6357650.84,-2.693,81.9,7.04
Iceland,ISL,2011,6455250.14,1.535,82.36,7.23
Iceland,ISL,2012,6489288.96,0.527,82.92,6.6
Iceland,ISL,2013,6720838.2,3.568,82.06,6.45
Iceland,ISL,2014,6758623.38,0.562,82.86,6.25
Iceland,ISL,2015,6985317.43,3.354,82.47,6.18
Iceland,ISL,2016,7323287.99,4.838,82.2,5.69
Iceland,ISL,2017,7453599.32,1.779,82.66,6.31
Iceland,ISL,2018,7611419.84,2.117,82.86,6
Iceland,ISL,2019,7584457.65,-0.354,83.16,5.95
Iceland,ISL,2020,6944428.17,-8.439,83.06,5.48
Ireland,IRL,2000,37786.22,7.955,76.54,12.29
Ireland,IRL,2001,39162.57,3.642,77.13,11.4
Ireland,IRL,2002,40779.89,4.13,77.63,11.62
Ireland,IRL,2003,41330.16,1.349,78.14,13.96
Ireland,IRL,2004,43336.11,4.853,78.54,10.63
Ireland,IRL,2005,44835.94,3.461,78.94,11.61
Ireland,IRL,2006,45820.18,2.195,79.24,11.84
Ireland,IRL,2007,46878.27,2.309,79.64,11.67
Ireland,IRL,2008,43872.6,-6.412,80.1,10.66
Ireland,IRL,2009,41216.2,-6.055,80.19,10.47
Ireland,IRL,2010,41682.12,1.13,80.74,10.15
Ireland,IRL,2011,42032.27,0.84,80.75,10.33
Ireland,IRL,2012,41800.25,-0.552,80.85,9.41
Ireland,IRL,2013,42069.14,0.643,80.95,9.02
Ireland,IRL,2014,45449.97,8.036,81.35,8.69
Ireland,IRL,2015,56041.95,23.305,81.45,8.65
Ireland,IRL,2016,56391.23,0.623,81.65,7.96
Ireland,IRL,2017,60974.52,8.128,82.16,8.24
Ireland,IRL,2018,65324.92,7.135,82.2,8.15
Ireland,IRL,2019,67851.33,3.867,82.7,7.74
Ireland,IRL,2020,71600.53,5.526,82.56,8
Isle of Man,IMN,2000,30327.93,4.054,74.73,9.98
Isle of Man,IMN,2001,31615.85,4.247,75.51,9.36
Isle of Man,IMN,2002,33234.54,5.12,75.42,9.54
Isle of Man,IMN,2003,34886.9,4.972,76.1,10.56
Isle of Man,IMN,2004,36356.76,4.213,76.97,8.41
Isle of Man,IMN,2005,38144.02,4.916,77.62,8.52
Isle of Man,IMN,2006,40664.8,6.609,78.19,8.9
Isle of Man,IMN,2007,43244.64,6.344,78.33,8.69
Isle of Man,IMN,2008,44867.37,3.752,78.45,7.83
Isle of Man,IMN,2009,45302.4,0.97,78.68,7.59
Isle of Man,IMN,2010,46332.5,2.274,78.98,7.8
Isle of Man,IMN,2011,46966.69,1.369,79.19,7.77
Isle of Man,IMN,2012,50404.26,7.319,79.34,7.63
Isle of Man,IMN,2013,52612.96,4.382,79.47,7.61
Isle of Man,IMN,2014,55488.75,5.466,80.04,8.34
Isle of Man,IMN,2015,55474.99,-0.025,78.91,7.82
Isle of Man,IMN,2016,59433.45,7.136,80.31,8.26
Isle of Man,IMN,2017,61024.96,2.678,80.46,8.72
Isle of Man,IMN,2018,62230.5,1.975,80.6,8.91
Isle of Man,IMN,2019,62271.67,0.066,80.74,8.66
Isle of Man,IMN,2020,56692.51,-8.959,80.59,8.57
Italy,ITA,2000,29157.75,3.74,79.78,25.46
Italy,ITA,2001,29710.04,1.894,80.13,22.05
Italy,ITA,2002,29741.16,0.105,80.23,23.25
Italy,ITA,2003,29650.3,-0.306,79.98,24.73
Italy,ITA,2004,29878.41,0.769,80.78,22.09
Italy,ITA,2005,29975.11,0.324,80.78,22.65
Italy,ITA,2006,30420.29,1.485,81.28,22.76
Italy,ITA,2007,30717.16,0.976,81.43,21.53
Italy,ITA,2008,30220.79,-1.616,81.49,20.22
Italy,ITA,2009,28494.73,-5.712,81.64,20.52
Italy,ITA,2010,28893.92,1.401,82.04,19.57
Italy,ITA,2011,29048.29,0.534,82.19,20.7
Italy,ITA,2012,28106.53,-3.242,82.24,18.22
Italy,ITA,2013,27271.09,-2.972,82.69,17.53
Italy,ITA,2014,27020.79,-0.918,83.09,16.43
Italy,ITA,2015,27257.35,0.875,82.54,17.27
Italy,ITA,2016,27656.86,1.466,83.24,15.29
Italy,ITA,2017,28160.31,1.82,82.95,15.56
Italy,ITA,2018,28475.09,1.118,83.35,15.92
Italy,ITA,2019,28944.5,1.649,83.5,14.53
Italy,ITA,2020,26475.62,-8.53,82.2,14.31
Latvia,LVA,2000,6061.52,6.699,70.31,22.88
Latvia,LVA,2000,6061.52,6.699,70.31,22.88
Latvia,LVA,2001,6528.6,7.706,70.76,21.09
Latvia,LVA,2001,6528.6,7.706,70.76,21.08
Latvia,LVA,2002,7073.05,8.34,70.96,24.59
Latvia,LVA,2002,7073.05,8.34,70.96,24.58
Latvia,LVA,2003,7743.28,9.476,71.27,21.32
Latvia,LVA,2003,7743.28,9.476,71.27,21.32
Latvia,LVA,2004,8476.75,9.472,72.03,18.21
Latvia,LVA,2004,8476.75,9.472,72.03,18.21
Latvia,LVA,2005,9487.45,11.923,71.36,18.56
Latvia,LVA,2005,9487.45,11.923,71.36,18.56
Latvia,LVA,2006,10721.17,13.004,70.87,18.29
Latvia,LVA,2006,10721.17,13.004,70.87,18.28
Latvia,LVA,2007,11883.66,10.843,71.02,16.14
Latvia,LVA,2007,11883.66,10.843,71.02,16.13
Latvia,LVA,2008,11619.01,-2.227,72.42,15.79
Latvia,LVA,2008,11619.01,-2.227,72.42,15.79
Latvia,LVA,2009,10127.97,-12.833,73.08,16.24
Latvia,LVA,2009,10127.97,-12.833,73.08,16.23
Latvia,LVA,2010,9880.22,-2.446,73.48,18.12
Latvia,LVA,2010,9880.22,-2.446,73.48,18.11
Latvia,LVA,2011,10320.72,4.458,73.58,15.88
Latvia,LVA,2011,10320.72,4.458,73.58,15.88
Latvia,LVA,2012,11185.42,8.378,73.78,15.3
Latvia,LVA,2012,11185.42,8.378,73.78,15.29
Latvia,LVA,2013,11532.88,3.106,73.98,15.76
Latvia,LVA,2013,11532.88,3.106,73.98,15.75
Latvia,LVA,2014,11863.45,2.866,74.12,16.45
Latvia,LVA,2014,11863.45,2.866,74.12,16.45
Latvia,LVA,2015,12425.68,4.739,74.48,13.98
Latvia,LVA,2015,12425.68,4.739,74.48,13.97
Latvia,LVA,2016,12836.78,3.308,74.58,12.89
Latvia,LVA,2016,12836.78,3.308,74.58,12.89
Latvia,LVA,2017,13380.05,4.232,74.63,11.92
Latvia,LVA,2017,13380.05,4.232,74.63,11.92
Latvia,LVA,2018,14022.81,4.804,74.78,14.56
Latvia,LVA,2018,14022.81,4.804,74.78,14.55
Latvia,LVA,2019,14203.6,1.289,75.39,12.79
Latvia,LVA,2019,14203.6,1.289,75.39,12.79
Latvia,LVA,2020,13800.95,-2.835,75.19,11.81
Latvia,LVA,2020,13800.95,-2.835,75.19,11.8
Liechtenstein,LIE,2000,124059.98,1.936,76.83,14.67
Liechtenstein,LIE,2001,121859.08,-1.774,79.28,15.41
Liechtenstein,LIE,2002,119512.78,-1.925,79.64,14.86
Liechtenstein,LIE,2003,116138.92,-2.823,79.96,14.84
Liechtenstein,LIE,2004,118621.92,2.138,81.77,12.7
Liechtenstein,LIE,2005,123260.22,3.91,80.67,13.09
Liechtenstein,LIE,2006,132818.26,7.754,80.95,13.88
Liechtenstein,LIE,2007,136216.73,2.559,81.3,12.1
Liechtenstein,LIE,2008,137682.86,1.076,82.68,11.85
Liechtenstein,LIE,2009,135043.97,-1.917,81.5,13.29
Liechtenstein,LIE,2010,,,81.84,11.97
Liechtenstein,LIE,2011,,,81.79,12.86
Liechtenstein,LIE,2012,,,82.38,12.3
Liechtenstein,LIE,2013,,,82.26,12.03
Liechtenstein,LIE,2014,,,82.07,10.88
Liechtenstein,LIE,2015,,,82.66,11.94
Liechtenstein,LIE,2016,,,82.26,11.6
Liechtenstein,LIE,2017,,,83.75,10.48
Liechtenstein,LIE,2018,,,83.04,10.81
Liechtenstein,LIE,2019,,,84.16,10.06
Liechtenstein,LIE,2020,,,81.66,9.86
Lithuania,LTU,2000,5789.41,4.427,72.02,17.96
Lithuania,LTU,2001,6218.26,7.408,71.66,16.99
Lithuania,LTU,2002,6691.58,7.612,71.76,19.08
Lithuania,LTU,2003,7458.95,11.468,72.06,16.57
Lithuania,LTU,2004,8038.74,7.773,71.96,14.35
Lithuania,LTU,2005,8802.5,9.501,71.25,14.41
Lithuania,LTU,2006,9607.28,9.143,71.06,14.19
Lithuania,LTU,2007,10801.97,12.435,70.9,12.98
Lithuania,LTU,2008,11198.97,3.675,71.81,12.33
Lithuania,LTU,2009,9643.68,-13.888,72.91,12.53
Lithuania,LTU,2010,10010.65,3.805,73.27,13.84
Lithuania,LTU,2011,10857.67,8.461,73.56,12.32
Lithuania,LTU,2012,11427.26,5.246,73.86,12.38
Lithuania,LTU,2013,11953.29,4.603,73.91,12.42
Lithuania,LTU,2014,12482.96,4.431,74.52,12.78
Lithuania,LTU,2015,12856.06,2.989,74.32,11.33
Lithuania,LTU,2016,13348.43,3.83,74.67,10.26
Lithuania,LTU,2017,14116.1,5.751,75.48,9.83
Lithuania,LTU,2018,14820.54,4.99,75.68,11.11
Lithuania,LTU,2019,15553.14,4.943,76.28,10.28
Lithuania,LTU,2020,15545.15,-0.051,74.98,9.23
Luxembourg,LUX,2000,83394.9,5.51,77.87,14.23
Luxembourg,LUX,2000,83394.9,5.51,77.87,14.23
Luxembourg,LUX,2001,84941.52,1.855,77.82,13.63
Luxembourg,LUX,2001,84941.52,1.855,77.82,13.63
Luxembourg,LUX,2002,86767.43,2.15,77.97,13.68
Luxembourg,LUX,2002,86767.43,2.15,77.97,13.68
Luxembourg,LUX,2003,87964.73,1.38,77.73,14.96
Luxembourg,LUX,2003,87964.73,1.38,77.73,14.96
Luxembourg,LUX,2004,90393.33,2.761,79.12,13.29
Luxembourg,LUX,2004,90393.33,2.761,79.12,13.29
Luxembourg,LUX,2005,91231.07,0.927,79.43,13.51
Luxembourg,LUX,2005,91231.07,0.927,79.43,13.51
Luxembourg,LUX,2006,95189.68,4.339,79.29,14.16
Luxembourg,LUX,2006,95189.68,4.339,79.29,14.16
Luxembourg,LUX,2007,101321.83,6.442,79.38,13.09
Luxembourg,LUX,2007,101321.83,6.442,79.38,13.09
Luxembourg,LUX,2008,99228.04,-2.066,80.54,12.34
Luxembourg,LUX,2008,99228.04,-2.066,80.54,12.34
Luxembourg,LUX,2009,94252.49,-5.014,80.64,12.41
Luxembourg,LUX,2009,94252.49,-5.014,80.64,12.41
Luxembourg,LUX,2010,96027.78,1.884,80.63,13
Luxembourg,LUX,2010,96027.78,1.884,80.63,13
Luxembourg,LUX,2011,94897.72,-1.177,80.99,12.69
Luxembourg,LUX,2011,94897.72,-1.177,80.99,12.7
Luxembourg,LUX,2012,94174.43,-0.762,81.39,11.36
Luxembourg,LUX,2012,94174.43,-0.762,81.39,11.36
Luxembourg,LUX,2013,94941.62,0.815,81.8,11.7
Luxembourg,LUX,2013,94941.62,0.815,81.8,11.7
Luxembourg,LUX,2014,95162.42,0.233,82.23,9.98
Luxembourg,LUX,2014,95162.42,0.233,82.23,9.98
Luxembourg,LUX,2015,95052.53,-0.115,82.29,10.38
Luxembourg,LUX,2015,95052.53,-0.115,82.29,10.38
Luxembourg,LUX,2016,97656.78,2.74,82.69,9.6
Luxembourg,LUX,2016,97656.78,2.74,82.69,9.6
Luxembourg,LUX,2017,96566.82,-1.116,82.1,9.59
Luxembourg,LUX,2017,96566.82,-1.116,82.1,9.59
Luxembourg,LUX,2018,95877.01,-0.714,82.3,9.29
Luxembourg,LUX,2018,95877.01,-0.714,82.3,9.29
Luxembourg,LUX,2019,96754.74,0.915,82.64,8.47
Luxembourg,LUX,2019,96754.74,0.915,82.64,8.47
Luxembourg,LUX,2020,94290.06,-2.547,82.14,8.67
Luxembourg,LUX,2020,94290.06,-2.547,82.14,8.67
Malta,MLT,2000,15492.89,18.911,78.35,17.68
Malta,MLT,2000,15492.89,18.911,78.35,17.67
Malta,MLT,2001,15196.32,-1.914,78.84,17.28
Malta,MLT,2001,15196.32,-1.914,78.84,17.27
Malta,MLT,2002,15470.38,1.803,78.74,17.49
Malta,MLT,2002,15470.38,1.803,78.74,17.48
Malta,MLT,2003,15995.11,3.392,78.55,19.27
Malta,MLT,2003,15995.11,3.392,78.55,19.25
Malta,MLT,2004,15910.32,-0.53,79.25,17.69
Malta,MLT,2004,15910.32,-0.53,79.25,17.67
Malta,MLT,2005,16344.15,2.727,79.3,16.85
Malta,MLT,2005,16344.15,2.727,79.3,16.83
Malta,MLT,2006,16693.48,2.137,79.44,16.59
Malta,MLT,2006,16693.48,2.137,79.44,16.58
Malta,MLT,2007,17429.65,4.41,79.79,17.99
Malta,MLT,2007,17429.65,4.41,79.79,17.97
Malta,MLT,2008,17979.21,3.153,79.64,17.04
Malta,MLT,2008,17979.21,3.153,79.64,17.02
Malta,MLT,2009,17641.84,-1.876,80.24,16.21
Malta,MLT,2009,17641.84,-1.876,80.24,16.19
Malta,MLT,2010,18528.61,5.026,81.4,17.16
Malta,MLT,2010,18528.61,5.026,81.4,17.14
Malta,MLT,2011,18536.44,0.042,80.75,16.24
Malta,MLT,2011,18536.44,0.042,80.75,16.23
Malta,MLT,2012,19126.95,3.186,80.75,14.2
Malta,MLT,2012,19126.95,3.186,80.75,14.19
Malta,MLT,2013,19892.56,4.003,81.75,13.48
Malta,MLT,2013,19892.56,4.003,81.75,13.46
Malta,MLT,2014,20987.78,5.506,82.05,13.59
Malta,MLT,2014,20987.78,5.506,82.05,13.57
Malta,MLT,2015,22461.84,7.023,81.9,13.83
Malta,MLT,2015,22461.84,7.023,81.9,13.82
Malta,MLT,2016,22695.96,1.042,82.45,12.64
Malta,MLT,2016,22695.96,1.042,82.45,12.62
Malta,MLT,2017,24483.08,7.874,82.35,12.99
Malta,MLT,2017,24483.08,7.874,82.35,12.97
Malta,MLT,2018,25396.31,3.73,82.45,13.2
Malta,MLT,2018,25396.31,3.73,82.45,13.18
Malta,MLT,2019,26156.81,2.995,82.86,12.67
Malta,MLT,2019,26156.81,2.995,82.86,12.66
Malta,MLT,2020,23497.89,-10.165,82.35,11.76
Malta,MLT,2020,23497.89,-10.165,82.35,11.74
Moldova,MDA,2000,25346.9,2.316,66.42,28.07
Moldova,MDA,2001,26953.27,6.338,66.79,28.02
Moldova,MDA,2002,29122.99,8.05,66.94,30.85
Moldova,MDA,2003,31132.65,6.901,67.42,24.79
Moldova,MDA,2004,33519.31,7.666,67.86,23.06
Moldova,MDA,2005,36121.04,7.762,68.17,22.27
Moldova,MDA,2006,37960.2,5.092,68.48,20.95
Moldova,MDA,2007,39189.71,3.239,68.95,19.52
Moldova,MDA,2008,42327,8.005,69.39,18.47
Moldova,MDA,2009,39837.65,-5.881,69.57,19.13
Moldova,MDA,2010,42708.74,7.207,69.36,20.05
Moldova,MDA,2011,45219.75,5.879,69.19,20.33
Moldova,MDA,2012,44958.97,-0.577,69.14,20.05
Moldova,MDA,2013,49038.13,9.073,69.1,19.55
Moldova,MDA,2014,51521.26,5.064,69.03,18.38
Moldova,MDA,2015,51742.36,0.429,69.24,17.83
Moldova,MDA,2016,54779.73,5.87,69.92,16.7
Moldova,MDA,2017,58061.26,5.99,70.52,14.89
Moldova,MDA,2018,61498.7,5.92,70.49,16.78
Moldova,MDA,2019,64710.66,5.223,70.94,15.44
Moldova,MDA,2020,60010.55,-7.263,70.17,14.4
Monaco,MCO,2000,107355.48,3.683,,17.15
Monaco,MCO,2001,109775.14,2.254,,16.13
Monaco,MCO,2002,111100.59,1.207,,16.81
Monaco,MCO,2003,112552.12,1.307,,18.18
Monaco,MCO,2004,115618.93,2.725,,15.51
Monaco,MCO,2005,118135.71,2.177,,15.96
Monaco,MCO,2006,125488.11,6.224,,16.21
Monaco,MCO,2007,144455.27,15.115,,15.7
Monaco,MCO,2008,145345.55,0.616,,14.44
Monaco,MCO,2009,126727.57,-12.809,,14.64
Monaco,MCO,2010,126315.63,-0.325,,13.98
Monaco,MCO,2011,132131.39,4.604,,15.11
Monaco,MCO,2012,130564.84,-1.186,,13.46
Monaco,MCO,2013,140141.14,7.335,,12.59
Monaco,MCO,2014,147363.61,5.154,,11.58
Monaco,MCO,2015,151798.15,3.009,,12.64
Monaco,MCO,2016,154986.38,2.1,,11.15
Monaco,MCO,2017,150377.93,-2.973,,11.19
Monaco,MCO,2018,159134.73,5.823,,11.46
Monaco,MCO,2019,170383.97,7.069,,10.32
Monaco,MCO,2020,148664.75,-12.747,,10.24
Montenegro,MNE,2000,3737.42,3.279,73.82,26.93
Montenegro,MNE,2001,3763.35,0.694,74.07,26.32
Montenegro,MNE,2002,3819.66,1.496,73.91,28.86
Montenegro,MNE,2003,3898.9,2.074,73.93,31.45
Montenegro,MNE,2004,4064.26,4.241,74.56,27.63
Montenegro,MNE,2005,4227.91,4.027,73.98,27.33
Montenegro,MNE,2006,4584.39,8.432,73.84,28.71
Montenegro,MNE,2007,4889.83,6.663,74.34,25.11
Montenegro,MNE,2008,5233.72,7.033,75.14,24.33
Montenegro,MNE,2009,4919.85,-5.997,75.14,25.29
Montenegro,MNE,2010,5045.12,2.546,75.99,24.95
Montenegro,MNE,2011,5202.53,3.12,75.98,28.01
Montenegro,MNE,2012,5056.57,-2.806,76.2,26.23
Montenegro,MNE,2013,5230.92,3.448,76.49,23.96
Montenegro,MNE,2014,5319.06,1.685,76.44,23.77
Montenegro,MNE,2015,5496.31,3.332,76.45,23.42
Montenegro,MNE,2016,5657.1,2.925,76.44,21.54
Montenegro,MNE,2017,5923.25,4.705,76.49,21.94
Montenegro,MNE,2018,6225.49,5.103,76.84,22.78
Montenegro,MNE,2019,6480.5,4.096,76.68,18.98
Montenegro,MNE,2020,5494.92,-15.208,75.93,18.49
Netherlands,NLD,2000,36463.7,3.454,77.99,18.99
Netherlands,NLD,2001,37031.6,1.557,78.19,17.2
Netherlands,NLD,2002,36875.94,-0.42,78.29,17.87
Netherlands,NLD,2003,36759.48,-0.316,78.49,19.46
Netherlands,NLD,2004,37359.1,1.631,79.1,17.5
Netherlands,NLD,2005,38036.31,1.813,79.35,17.2
Netherlands,NLD,2006,39289.59,3.295,79.7,18.09
Netherlands,NLD,2007,40683.33,3.547,80.1,16.8
Netherlands,NLD,2008,41404.79,1.773,80.25,15.85
Netherlands,NLD,2009,39681.92,-4.161,80.55,15.55
Netherlands,NLD,2010,40009,0.824,80.7,16.16
Netherlands,NLD,2011,40440.55,1.079,81.2,16.02
Netherlands,NLD,2012,39876.03,-1.396,81.1,14.24
Netherlands,NLD,2013,39706.89,-0.424,81.3,13.19
Netherlands,NLD,2014,40127.42,1.059,81.71,12.51
Netherlands,NLD,2015,40732.65,1.508,81.51,13.01
Netherlands,NLD,2016,41404.46,1.649,81.56,11.86
Netherlands,NLD,2017,42358.54,2.304,81.76,12.6
Netherlands,NLD,2018,43106.14,1.765,81.81,11.97
Netherlands,NLD,2019,43662.16,1.29,82.11,11.27
Netherlands,NLD,2020,41732.93,-4.419,81.36,10.79
North Macedonia,MKD,2000,138077.82,4.074,72.95,41.08
North Macedonia,MKD,2001,133281.44,-3.474,73.44,38.99
North Macedonia,MKD,2002,136258.22,2.233,73.04,42.42
North Macedonia,MKD,2003,139109.86,2.093,73.24,45.45
North Macedonia,MKD,2004,146084.24,5.014,73.6,40.22
North Macedonia,MKD,2005,153813.59,5.291,73.7,40.71
North Macedonia,MKD,2006,162610.5,5.719,73.9,41.73
North Macedonia,MKD,2007,174128.42,7.083,73.8,35.5
North Macedonia,MKD,2008,184722.44,6.084,74.4,35.75
North Macedonia,MKD,2009,185254.41,0.288,74.45,36.13
North Macedonia,MKD,2010,192704.82,4.022,75,36.61
North Macedonia,MKD,2011,198119.85,2.81,75.1,42.95
North Macedonia,MKD,2012,197990.38,-0.065,74.9,38.38
North Macedonia,MKD,2013,204535.15,3.306,75.4,34.94
North Macedonia,MKD,2014,212528.23,3.908,75.45,36.06
North Macedonia,MKD,2015,221314.77,4.134,75.4,34.04
North Macedonia,MKD,2016,228348.65,3.178,75.4,32.07
North Macedonia,MKD,2017,231749.6,1.489,75.95,32.48
North Macedonia,MKD,2018,239637.79,3.404,76.65,33.06
North Macedonia,MKD,2019,250705.92,4.619,76.6,27.6
North Macedonia,MKD,2020,241544.21,-3.654,74.4,27.86
Norway,NOR,2000,547126.26,2.651,78.63,10.52
Norway,NOR,2001,555617.27,1.552,78.79,9.14
Norway,NOR,2002,560241.72,0.832,78.99,9.42
Norway,NOR,2003,562228.15,0.355,79.39,10.2
Norway,NOR,2004,581353.73,3.402,79.84,8.76
Norway,NOR,2005,592911.85,1.988,80.04,8.65
Norway,NOR,2006,602633.05,1.64,80.34,10.01
Norway,NOR,2007,613809.74,1.855,80.4,8.56
Norway,NOR,2008,609128.54,-0.763,80.59,8.24
Norway,NOR,2009,589823.69,-3.169,80.8,8.44
Norway,NOR,2010,587106.78,-0.461,81,7.88
Norway,NOR,2011,585947.8,-0.197,81.3,8.7
Norway,NOR,2012,594020.05,1.378,81.45,7.34
Norway,NOR,2013,592844.59,-0.198,81.75,7.06
Norway,NOR,2014,598202.5,0.904,82.1,7.11
Norway,NOR,2015,603280.03,0.849,82.3,6.78
Norway,NOR,2016,604953.58,0.277,82.41,6.25
Norway,NOR,2017,614871.84,1.64,82.61,6.54
Norway,NOR,2018,615889.63,0.166,82.76,6.71
Norway,NOR,2019,618620.67,0.443,82.96,6.39
Norway,NOR,2020,607128.58,-1.858,83.21,6.06
Poland,POL,2000,27683.66,5.659,73.75,25.58
Poland,POL,2001,28039.82,1.287,74.2,25.55
Poland,POL,2002,28623.92,2.083,74.5,29.64
Poland,POL,2003,29645.3,3.568,74.6,30.36
Poland,POL,2004,31140.7,5.044,74.85,26.33
Poland,POL,2005,32246.92,3.552,75,27.54
Poland,POL,2006,34245.72,6.198,75.14,29.69
Poland,POL,2007,36683.9,7.12,75.24,24.14
Poland,POL,2008,38219.41,4.186,75.54,23.16
Poland,POL,2009,39275.23,2.763,75.7,24.26
Poland,POL,2010,40543.45,3.229,76.25,26.75
Poland,POL,2011,42564.83,4.986,76.7,26.34
Poland,POL,2012,43222.65,1.545,76.75,23.94
Poland,POL,2013,43619.2,0.917,77,23.01
Poland,POL,2014,45326.77,3.915,77.6,23.27
Poland,POL,2015,47345.11,4.453,77.45,22.25
Poland,POL,2016,48764.41,2.998,77.85,21.09
Poland,POL,2017,51264.51,5.127,77.75,22.1
Poland,POL,2018,54312.4,5.945,77.6,22.26
Poland,POL,2019,56743.16,4.476,77.9,18.64
Poland,POL,2020,55694.32,-1.848,76.5,17.84
Portugal,PRT,2000,16939.89,3.089,76.31,13.63
Portugal,PRT,2001,17147.79,1.227,76.81,13.06
Portugal,PRT,2002,17185.61,0.221,77.07,13.02
Portugal,PRT,2003,16961.9,-1.302,77.22,13.87
Portugal,PRT,2004,17224.06,1.546,77.67,12.35
Portugal,PRT,2005,17326.55,0.595,78.07,12.65
Portugal,PRT,2006,17576.39,1.442,78.42,13.25
Portugal,PRT,2007,17981.62,2.306,78.32,12.66
Portugal,PRT,2008,18013.04,0.175,78.52,10.97
Portugal,PRT,2009,17434.03,-3.214,78.73,11.03
Portugal,PRT,2010,17728.83,1.691,79.03,10.54
Portugal,PRT,2011,17453.77,-1.551,80.47,11.24
Portugal,PRT,2012,16813.65,-3.668,80.37,9.87
Portugal,PRT,2013,16750.19,-0.377,80.72,9.56
Portugal,PRT,2014,16974.16,1.337,81.12,9.28
Portugal,PRT,2015,17350.05,2.214,81.12,9.45
Portugal,PRT,2016,17756.36,2.342,81.12,8.64
Portugal,PRT,2017,18423.84,3.759,81.42,9.08
Portugal,PRT,2018,18979.16,3.014,81.32,8.84
Portugal,PRT,2019,19483.7,2.658,81.68,7.85
Portugal,PRT,2020,17847.68,-8.397,80.98,8.29
Romania,ROU,2000,9715.61,2.594,71.16,20.21
Romania,ROU,2001,10366.23,6.697,71.16,20.25
Romania,ROU,2002,11159.86,7.656,71.01,22.93
Romania,ROU,2003,11503.8,3.082,71.31,23.69
Romania,ROU,2004,12776.02,11.059,71.56,20.83
Romania,ROU,2005,13455.26,5.317,71.91,21.26
Romania,ROU,2006,14621.92,8.671,72.16,22.43
Romania,ROU,2007,15912.99,8.83,72.57,18.15
Romania,ROU,2008,17686.36,11.144,72.57,18.31
Romania,ROU,2009,16850.33,-4.727,73.31,18.97
Romania,ROU,2010,16289.43,-3.329,73.46,19.84
Romania,ROU,2011,17109.18,5.032,74.41,21.16
Romania,ROU,2012,17516.34,2.38,74.41,19.24
Romania,ROU,2013,17628.96,0.643,75.06,17.7
Romania,ROU,2014,18424.28,4.511,74.91,17.78
Romania,ROU,2015,19096.13,3.647,74.91,17.25
Romania,ROU,2016,19754.81,3.449,75.21,16.27
Romania,ROU,2017,21497.92,8.824,75.21,16.52
Romania,ROU,2018,22928.34,6.654,75.36,16.64
Romania,ROU,2019,23937.58,4.402,75.61,14.24
Romania,ROU,2020,23184.61,-3.146,74.25,13.85
Russian Federation,RUS,2000,333638.72,10.464,65.48,20.83
Russian Federation,RUS,2001,352144.72,5.547,65.38,20.9
Russian Federation,RUS,2002,370395.5,5.183,65.13,22.45
Russian Federation,RUS,2003,399241.78,7.788,65.03,18.71
Russian Federation,RUS,2004,429713.88,7.632,65.47,17.85
Russian Federation,RUS,2005,458962.81,6.807,65.53,16.07
Russian Federation,RUS,2006,498226.81,8.555,66.73,16.03
Russian Federation,RUS,2007,541501.63,8.686,67.59,14.02
Russian Federation,RUS,2008,569909.94,5.246,67.95,14.15
Russian Federation,RUS,2009,525298.81,-7.828,68.68,15.1
Russian Federation,RUS,2010,548690.88,4.453,68.84,17.11
Russian Federation,RUS,2011,571609.56,4.177,69.68,13.57
Russian Federation,RUS,2012,593117.63,3.763,70.07,13.45
Russian Federation,RUS,2013,601736.5,1.453,70.58,13.99
Russian Federation,RUS,2014,594985.38,-1.122,70.74,14.34
Russian Federation,RUS,2015,581442.25,-2.276,71.18,12.47
Russian Federation,RUS,2016,580916.13,-0.09,71.65,12.21
Russian Federation,RUS,2017,590291.38,1.614,72.45,11.7
Russian Federation,RUS,2018,606327.19,2.717,72.66,12.27
Russian Federation,RUS,2019,619314.88,2.142,73.08,11.16
Russian Federation,RUS,2020,603666,-2.527,71.34,10.39
San Marino,SMR,2000,45446.07,0.583,,15.6
San Marino,SMR,2001,47082.49,3.601,,14.35
San Marino,SMR,2002,46158.25,-1.963,,14.64
San Marino,SMR,2003,46886.47,1.578,,15.55
San Marino,SMR,2004,48190.29,2.781,,13.67
San Marino,SMR,2005,48664.77,0.985,,14.3
San Marino,SMR,2006,49768.02,2.267,,14.46
San Marino,SMR,2007,52581.32,5.653,,13.34
San Marino,SMR,2008,51758.96,-1.564,,12.69
San Marino,SMR,2009,45880.42,-11.358,,12.87
San Marino,SMR,2010,42615.79,-7.116,,11.86
San Marino,SMR,2011,38005.85,-10.817,,12.86
San Marino,SMR,2012,34649.28,-8.832,,12
San Marino,SMR,2013,34219.62,-1.24,,11.54
San Marino,SMR,2014,33873.43,-1.012,,11.48
San Marino,SMR,2015,34462.82,1.74,,11.96
San Marino,SMR,2016,34995.56,1.546,,10.96
San Marino,SMR,2017,34857.23,-0.395,,11.3
San Marino,SMR,2018,35274.38,1.197,,11.76
San Marino,SMR,2019,35979.87,2,,10.51
San Marino,SMR,2020,33756.85,-6.179,,10.6
Serbia,SRB,2000,347463.06,6.471,71.58,31.26
Serbia,SRB,2001,372003.36,7.063,72.23,31.86
Serbia,SRB,2002,396103.51,6.478,72.29,34.42
Serbia,SRB,2003,414364.15,4.61,72.44,37.33
Serbia,SRB,2004,452829.1,9.283,72.68,32.35
Serbia,SRB,2005,479309.96,5.848,72.83,33.6
Serbia,SRB,2006,505776.94,5.522,73.39,35
Serbia,SRB,2007,540533.78,6.872,73.63,28.19
Serbia,SRB,2008,573540.49,6.106,73.89,28.3
Serbia,SRB,2009,560114.32,-2.341,73.99,29.42
Serbia,SRB,2010,566481.72,1.137,74.34,31.83
Serbia,SRB,2011,582598.18,2.845,74.54,34.04
Serbia,SRB,2012,581442.43,-0.198,74.84,30.47
Serbia,SRB,2013,601179.63,3.395,75.19,28.63
Serbia,SRB,2014,594407.96,-1.126,75.34,27.99
Serbia,SRB,2015,608144.82,2.311,75.29,28.04
Serbia,SRB,2016,631748.04,3.881,75.69,25.66
Serbia,SRB,2017,648464.01,2.646,75.54,26.44
Serbia,SRB,2018,681325.53,5.068,75.89,27.37
Serbia,SRB,2019,714663.43,4.893,75.94,22.79
Serbia,SRB,2020,712941.64,-0.241,74.48,22.63
Slovak Republic,SVK,2000,8034.7,1.304,73.05,21.22
Slovak Republic,SVK,2001,8311.32,3.443,73.4,21.54
Slovak Republic,SVK,2002,8689.28,4.547,73.6,24.4
Slovak Republic,SVK,2003,9173.14,5.569,73.6,25.44
Slovak Republic,SVK,2004,9659.35,5.3,73.96,22.08
Slovak Republic,SVK,2005,10298.12,6.613,73.9,23.18
Slovak Republic,SVK,2006,11172.25,8.488,74.2,24.54
Slovak Republic,SVK,2007,12378.82,10.8,74.21,19.66
Slovak Republic,SVK,2008,13057.72,5.484,74.7,19.38
Slovak Republic,SVK,2009,12328.91,-5.581,74.91,20.23
Slovak Republic,SVK,2010,13144.74,6.617,75.11,21.3
Slovak Republic,SVK,2011,13478.51,2.539,75.96,22.37
Slovak Republic,SVK,2012,13633.04,1.147,76.11,20.18
Slovak Republic,SVK,2013,13704.57,0.525,76.41,19.43
Slovak Republic,SVK,2014,14060.56,2.598,76.81,19.12
Slovak Republic,SVK,2015,14773.04,5.067,76.56,19.04
Slovak Republic,SVK,2016,15040.82,1.813,77.17,17.74
Slovak Republic,SVK,2017,15458.72,2.778,77.17,18.04
Slovak Republic,SVK,2018,16059.51,3.886,77.27,18.53
Slovak Republic,SVK,2019,16440.54,2.373,77.67,15.72
Slovak Republic,SVK,2020,15879.49,-3.413,76.87,15.27
Spain,ESP,2000,21575.21,4.776,78.97,16.1
Spain,ESP,2001,22268.66,3.214,79.37,15.08
Spain,ESP,2002,22555.92,1.29,79.57,15.22
Spain,ESP,2003,22812.22,1.136,79.62,15.61
Spain,ESP,2004,23122.16,1.359,79.87,14.5
Spain,ESP,2005,23565.12,1.916,80.17,14.49
Spain,ESP,2006,24120.74,2.358,80.82,15.13
Spain,ESP,2007,24531.89,1.705,80.87,14.53
Spain,ESP,2008,24357.8,-0.71,81.18,13
Spain,ESP,2009,23234.48,-4.612,81.48,13.12
Spain,ESP,2010,23165.43,-0.297,81.63,12.45
Spain,ESP,2011,22895.28,-1.166,82.48,13.43
Spain,ESP,2012,22203.4,-3.022,82.43,12.08
Spain,ESP,2013,21963.66,-1.08,83.08,11.3
Spain,ESP,2014,22336.9,1.699,83.23,10.64
Spain,ESP,2015,23212.31,3.919,82.83,11.34
Spain,ESP,2016,23897.27,2.951,83.33,10.41
Spain,ESP,2017,24550.73,2.734,83.28,10.53
Spain,ESP,2018,25001.84,1.837,83.43,10.28
Spain,ESP,2019,25315.52,1.255,83.83,9.47
Spain,ESP,2020,22378.87,-11.6,82.33,9.69
Sweden,SWE,2000,346816.64,4.598,79.64,9.71
Sweden,SWE,2001,350900.41,1.178,79.8,8.15
Sweden,SWE,2002,357444.26,1.865,79.85,8.53
Sweden,SWE,2003,364342.33,1.93,80.1,9.45
Sweden,SWE,2004,378651.17,3.927,80.5,8.07
Sweden,SWE,2005,387921.49,2.448,80.55,8.44
Sweden,SWE,2006,403732.06,4.076,80.75,9.4
Sweden,SWE,2007,414531.9,2.675,80.9,8.23
Sweden,SWE,2008,409461.89,-1.223,81.1,7.59
Sweden,SWE,2009,388369.43,-5.151,81.35,7.68
Sweden,SWE,2010,407992.49,5.053,81.45,7.84
Sweden,SWE,2011,417861.78,2.419,81.8,7.92
Sweden,SWE,2012,412341.82,-1.321,81.7,6.62
Sweden,SWE,2013,413718.98,0.334,81.96,6.57
Sweden,SWE,2014,420521.53,1.644,82.25,6.77
Sweden,SWE,2015,434777.95,3.39,82.2,6.31
Sweden,SWE,2016,438239.42,0.796,82.31,5.7
Sweden,SWE,2017,443477.03,1.195,82.41,6.07
Sweden,SWE,2018,446903.23,0.773,82.56,6.29
Sweden,SWE,2019,451182.6,0.958,83.11,6.06
Sweden,SWE,2020,438212.53,-2.875,82.36,5.64
Switzerland,CHE,2000,70975.56,3.376,79.68,16.18
Switzerland,CHE,2001,71639.15,0.935,80.18,15.4
Switzerland,CHE,2002,71047.21,-0.826,80.39,14.99
Switzerland,CHE,2003,70499.2,-0.771,80.54,16.26
Switzerland,CHE,2004,71907.87,1.998,81.09,13.78
Switzerland,CHE,2005,73413.32,2.094,81.24,14.24
Switzerland,CHE,2006,75925.93,3.423,81.49,15.21
Switzerland,CHE,2007,78197.5,2.992,81.74,13.64
Switzerland,CHE,2008,79378.24,1.51,81.99,13.32
Switzerland,CHE,2009,76591.62,-3.511,82.04,14.11
Switzerland,CHE,2010,78256.44,2.174,82.25,13.16
Switzerland,CHE,2011,78794.33,0.687,82.7,13.76
Switzerland,CHE,2012,78881.48,0.111,82.7,12.6
Switzerland,CHE,2013,79377.14,0.628,82.8,12.36
Switzerland,CHE,2014,80257.19,1.109,83.2,10.55
Switzerland,CHE,2015,80653.76,0.494,82.9,11.63
Switzerland,CHE,2016,81428.14,0.96,83.6,10.58
Switzerland,CHE,2017,81771.22,0.421,83.55,9.86
Switzerland,CHE,2018,83492.93,2.106,83.75,10.08
Switzerland,CHE,2019,83846.18,0.423,83.9,9.39
Switzerland,CHE,2020,81453.08,-2.854,83,9
Ukraine,UKR,2000,36325.9,6.971,67.68,26.17
Ukraine,UKR,2001,39940.12,9.949,67.84,26.06
Ukraine,UKR,2002,42474.22,6.345,68.28,27.24
Ukraine,UKR,2003,46895.29,10.409,68.21,23.05
Ukraine,UKR,2004,52825.96,12.647,68.19,21.74
Ukraine,UKR,2005,54848.82,3.829,67.96,20.95
Ukraine,UKR,2006,59401.9,8.301,68.08,19.6
Ukraine,UKR,2007,64667.1,8.864,68.22,18.29
Ukraine,UKR,2008,66476.9,2.799,68.25,17.31
Ukraine,UKR,2009,56665.59,-14.759,69.19,18.03
Ukraine,UKR,2010,59219.14,4.506,70.27,18.84
Ukraine,UKR,2011,62668.74,5.825,70.81,18.5
Ukraine,UKR,2012,62919.39,0.4,70.94,17.75
Ukraine,UKR,2013,63091.48,0.273,71.16,17.98
Ukraine,UKR,2014,60015.61,-4.875,71.19,17.57
Ukraine,UKR,2015,54347.84,-9.444,71.19,16.91
Ukraine,UKR,2016,55899.36,2.855,71.48,15.46
Ukraine,UKR,2017,57470.49,2.811,71.78,14.87
Ukraine,UKR,2018,59778.73,4.016,71.58,16.28
Ukraine,UKR,2019,62046.57,3.794,71.83,14.75
Ukraine,UKR,2020,60122.09,-3.102,71.19,14.14
United Kingdom,GBR,2000,25473.9,3.947,77.74,15.76
United Kingdom,GBR,2001,26030.4,2.185,77.99,13.94
United Kingdom,GBR,2002,26384.93,1.362,78.14,14.42
United Kingdom,GBR,2003,27088.72,2.667,78.45,17
United Kingdom,GBR,2004,27588.61,1.845,78.75,13.72
United Kingdom,GBR,2005,28150.27,2.036,79.05,14.17
United Kingdom,GBR,2006,28610.94,1.636,79.25,14.22
United Kingdom,GBR,2007,29132.91,1.824,79.45,13.92
United Kingdom,GBR,2008,28839.28,-1.008,79.6,13.48
United Kingdom,GBR,2009,27301.07,-5.334,80.05,12.54
United Kingdom,GBR,2010,27694.31,1.44,80.4,12.21
United Kingdom,GBR,2011,27793.38,0.358,80.95,12.75
United Kingdom,GBR,2012,28018.37,0.81,80.9,11.26
United Kingdom,GBR,2013,28330.17,1.113,81,11.16
United Kingdom,GBR,2014,29021.03,2.439,81.3,10.59
United Kingdom,GBR,2015,29431.24,1.413,80.96,10.25
United Kingdom,GBR,2016,29770.15,1.152,81.16,9.83
United Kingdom,GBR,2017,30353.66,1.96,81.26,10.18
United Kingdom,GBR,2018,30593.82,0.791,81.26,10.04
United Kingdom,GBR,2019,30921.12,1.07,81.4,9.75
United Kingdom,GBR,2020,27616.53,-10.687,80.35,9.71
